{"stats": [0.4162692402004002, 0.5691392943423059, 0.49280552300572483, 0.204042904290429, 0.4506055259591535, 0.4411764705882352, 0.5882352941176471, 0.5, 0.2111111111111111, 0.47627118644067795], "text_labels": ["AP", "AP0.5", "AP0.75", "APM", "APL", "AR", "AR0.5", "AR0.75", "ARM", "ARL"], "args": ["C:\\Users\\willi\\OneDrive\\Documents\\GitHub\\openpifpaf_DLAV64\\src\\openpifpaf\\eval.py", "--dataset=animal", "--checkpoint=shufflenetv2k30-animalpose", "--batch-size=1", "--skip-existing", "--loader-workers=2", "--force-complete-pose", "--seed-threshold=0.01", "--instance-threshold=0.01"], "version": "0+untagged.1729.g40c9b9c.dirty", "dataset": "animal", "total_time": 9.734518900000001, "checkpoint": "shufflenetv2k30-animalpose", "count_ops": [132116392320.0, 30329696.0], "file_size": 122001185, "n_images": 50, "decoder_time": 0.7790406000000125, "nn_time": 8.430515399999994}